-- phpMyAdmin SQL Dump
-- version 4.8.5
-- https://www.phpmyadmin.net/
--
-- Host: 127.0.0.1:3306
-- Generation Time: Jan 24, 2020 at 04:28 PM
-- Server version: 5.7.26
-- PHP Version: 7.2.18

SET SQL_MODE = "NO_AUTO_VALUE_ON_ZERO";
SET AUTOCOMMIT = 0;
START TRANSACTION;
SET time_zone = "+00:00";


/*!40101 SET @OLD_CHARACTER_SET_CLIENT=@@CHARACTER_SET_CLIENT */;
/*!40101 SET @OLD_CHARACTER_SET_RESULTS=@@CHARACTER_SET_RESULTS */;
/*!40101 SET @OLD_COLLATION_CONNECTION=@@COLLATION_CONNECTION */;
/*!40101 SET NAMES utf8mb4 */;

--
-- Database: `conrad_db`
--

-- --------------------------------------------------------

--
-- Table structure for table `@tmp`
--

DROP TABLE IF EXISTS `@tmp`;
CREATE TABLE IF NOT EXISTS `@tmp` (
  `status` int(1) NOT NULL DEFAULT '0',
  `date` timestamp NOT NULL DEFAULT CURRENT_TIMESTAMP,
  `id` int(11) NOT NULL AUTO_INCREMENT,
  PRIMARY KEY (`id`)
) ENGINE=InnoDB DEFAULT CHARSET=latin1;

-- --------------------------------------------------------

--
-- Table structure for table `attendance`
--

DROP TABLE IF EXISTS `attendance`;
CREATE TABLE IF NOT EXISTS `attendance` (
  `course_id` int(11) NOT NULL COMMENT '(FK) courses',
  `student_id` int(11) NOT NULL COMMENT '(FK) students',
  `status` int(1) NOT NULL DEFAULT '0',
  `date` timestamp NOT NULL DEFAULT CURRENT_TIMESTAMP,
  `id` int(11) NOT NULL AUTO_INCREMENT,
  PRIMARY KEY (`id`)
) ENGINE=InnoDB AUTO_INCREMENT=45 DEFAULT CHARSET=latin1 COMMENT='Student Attendance';

--
-- Dumping data for table `attendance`
--

INSERT INTO `attendance` (`course_id`, `student_id`, `status`, `date`, `id`) VALUES
(3, 43, 0, '2020-01-14 07:00:00', 1),
(1, 45, 0, '2020-01-14 07:00:00', 2),
(1, 35, 0, '2020-01-14 07:00:00', 3),
(1, 71, 0, '2020-01-15 07:00:00', 4),
(1, 70, 0, '2020-01-15 07:00:00', 5),
(1, 69, 0, '2020-01-15 07:00:00', 6),
(1, 68, 0, '2020-01-15 07:00:00', 7),
(1, 67, 0, '2020-01-15 07:00:00', 8),
(1, 66, 0, '2020-01-15 07:00:00', 9),
(1, 63, 0, '2020-01-15 07:00:00', 10),
(4, 51, 0, '2020-01-15 09:00:00', 11),
(1, 71, 0, '2020-01-17 07:00:00', 12),
(1, 70, 0, '2020-01-17 07:00:00', 13),
(1, 69, 0, '2020-01-17 07:00:00', 14),
(1, 68, 0, '2020-01-17 07:00:00', 15),
(1, 67, 0, '2020-01-17 07:00:00', 16),
(1, 66, 0, '2020-01-17 07:00:00', 17),
(4, 51, 0, '2020-01-17 09:00:00', 18),
(2, 61, 0, '2020-01-17 12:00:00', 19),
(1, 45, 0, '2020-01-21 07:00:00', 20),
(3, 43, 0, '2020-01-21 07:00:00', 21),
(1, 35, 0, '2020-01-21 07:00:00', 22),
(1, 59, 0, '2020-01-21 12:00:00', 23),
(1, 53, 0, '2020-01-21 12:00:00', 24),
(1, 71, 0, '2020-01-22 07:00:00', 25),
(1, 70, 0, '2020-01-22 07:00:00', 26),
(1, 69, 0, '2020-01-22 07:00:00', 27),
(1, 68, 0, '2020-01-22 07:00:00', 28),
(1, 66, 0, '2020-01-22 07:00:00', 29),
(1, 63, 0, '2020-01-22 07:00:00', 30),
(4, 51, 0, '2020-01-22 09:00:00', 31),
(4, 49, 0, '2020-01-22 09:00:00', 32),
(2, 65, 0, '2020-01-22 12:00:00', 33),
(2, 61, 0, '2020-01-22 12:00:00', 34),
(1, 70, 0, '2020-01-24 07:00:00', 35),
(1, 67, 0, '2020-01-24 07:00:00', 36),
(1, 66, 0, '2020-01-24 07:00:00', 37),
(1, 63, 0, '2020-01-24 07:00:00', 38),
(1, 45, 0, '2020-01-24 07:00:00', 39),
(1, 71, 0, '2020-01-24 07:00:00', 40),
(1, 69, 0, '2020-01-24 07:00:00', 41),
(1, 72, 0, '2020-01-24 07:00:00', 42),
(2, 61, 0, '2020-01-24 12:00:00', 43),
(2, 55, 0, '2020-01-24 12:00:00', 44);

-- --------------------------------------------------------

--
-- Table structure for table `attendance_2019`
--

DROP TABLE IF EXISTS `attendance_2019`;
CREATE TABLE IF NOT EXISTS `attendance_2019` (
  `course_id` int(11) NOT NULL COMMENT '(FK) courses',
  `student_id` int(11) NOT NULL COMMENT '(FK) students',
  `status` int(1) NOT NULL DEFAULT '0',
  `date` timestamp NOT NULL DEFAULT CURRENT_TIMESTAMP,
  `id` int(11) NOT NULL AUTO_INCREMENT,
  PRIMARY KEY (`id`)
) ENGINE=InnoDB AUTO_INCREMENT=849 DEFAULT CHARSET=latin1 COMMENT='Student Attendance';

--
-- Dumping data for table `attendance_2019`
--

INSERT INTO `attendance_2019` (`course_id`, `student_id`, `status`, `date`, `id`) VALUES
(1, 3, 0, '2019-01-15 10:00:00', 1),
(1, 4, 0, '2019-01-15 10:00:00', 2),
(2, 5, 0, '2019-01-15 10:00:00', 3),
(2, 6, 0, '2019-01-15 10:00:00', 4),
(2, 7, 0, '2019-01-15 10:00:00', 5),
(2, 8, 0, '2019-01-15 10:00:00', 6),
(2, 9, 0, '2019-01-15 10:00:00', 7),
(2, 5, 0, '2019-01-17 10:00:00', 8),
(2, 6, 0, '2019-01-17 10:00:00', 9),
(2, 7, 0, '2019-01-17 10:00:00', 10),
(2, 8, 0, '2019-01-17 10:00:00', 11),
(2, 9, 0, '2019-01-17 10:00:00', 12),
(2, 10, 0, '2019-01-17 10:00:00', 13),
(1, 3, 0, '2019-01-17 10:00:00', 14),
(1, 4, 0, '2019-01-17 10:00:00', 15),
(1, 11, 0, '2019-01-22 10:00:00', 16),
(1, 12, 0, '2019-01-22 10:00:00', 17),
(1, 13, 0, '2019-01-22 10:00:00', 18),
(1, 14, 0, '2019-01-22 10:00:00', 19),
(1, 15, 0, '2019-01-22 10:00:00', 20),
(1, 3, 0, '2019-01-23 12:00:00', 21),
(1, 4, 0, '2019-01-23 12:00:00', 22),
(1, 11, 0, '2019-01-24 10:00:00', 23),
(1, 12, 0, '2019-01-24 10:00:00', 24),
(1, 13, 0, '2019-01-24 10:00:00', 25),
(1, 14, 0, '2019-01-24 10:00:00', 26),
(1, 15, 0, '2019-01-24 10:00:00', 27),
(1, 3, 0, '2019-01-24 13:00:00', 28),
(1, 4, 0, '2019-01-24 13:00:00', 29),
(2, 10, 0, '2019-01-24 08:00:00', 30),
(2, 7, 0, '2019-01-24 08:00:00', 31),
(2, 9, 0, '2019-01-24 08:00:00', 32),
(2, 6, 0, '2019-01-24 08:00:00', 33),
(2, 5, 0, '2019-01-24 08:00:00', 34),
(2, 8, 0, '2019-01-24 08:00:00', 35),
(2, 16, 0, '2019-01-24 08:00:00', 36),
(2, 17, 0, '2019-01-24 08:00:00', 37),
(2, 5, 0, '2019-01-25 08:00:00', 39),
(2, 9, 0, '2019-01-25 08:00:00', 40),
(2, 7, 0, '2019-01-25 08:00:00', 41),
(2, 16, 0, '2019-01-25 08:00:00', 42),
(2, 17, 0, '2019-01-25 08:00:00', 43),
(2, 18, 0, '2019-01-25 08:00:00', 44),
(2, 10, 0, '2019-01-25 08:00:00', 45),
(2, 6, 0, '2019-01-25 08:00:00', 46),
(1, 11, 0, '2019-01-29 10:00:00', 47),
(1, 12, 0, '2019-01-29 10:00:00', 48),
(1, 13, 0, '2019-01-29 10:00:00', 49),
(1, 14, 0, '2019-01-29 10:00:00', 50),
(1, 15, 0, '2019-01-29 10:00:00', 51),
(1, 3, 0, '2019-01-30 10:00:00', 52),
(1, 4, 0, '2019-01-30 10:00:00', 53),
(1, 3, 0, '2019-01-31 13:00:00', 54),
(1, 4, 0, '2019-01-31 13:00:00', 55),
(2, 5, 0, '2019-01-31 08:00:00', 56),
(2, 6, 0, '2019-01-31 08:00:00', 57),
(2, 7, 0, '2019-01-31 08:00:00', 58),
(2, 8, 0, '2019-01-31 08:00:00', 59),
(2, 9, 0, '2019-01-31 08:00:00', 60),
(2, 10, 0, '2019-01-31 08:00:00', 61),
(2, 16, 0, '2019-01-31 08:00:00', 62),
(2, 18, 0, '2019-01-31 08:00:00', 63),
(2, 19, 0, '2019-01-31 08:00:00', 64),
(1, 11, 0, '2019-01-31 10:00:00', 65),
(1, 12, 0, '2019-01-31 10:00:00', 66),
(1, 14, 0, '2019-01-31 10:00:00', 67),
(1, 15, 0, '2019-01-31 10:00:00', 68),
(2, 5, 0, '2019-02-01 08:00:00', 69),
(2, 6, 0, '2019-02-01 08:00:00', 70),
(2, 7, 0, '2019-02-01 08:00:00', 71),
(2, 9, 0, '2019-02-01 08:00:00', 72),
(2, 10, 0, '2019-02-01 08:00:00', 73),
(2, 16, 0, '2019-02-01 08:00:00', 74),
(2, 18, 0, '2019-02-01 08:00:00', 75),
(2, 19, 0, '2019-02-01 08:00:00', 76),
(1, 11, 0, '2019-02-05 10:00:00', 77),
(1, 12, 0, '2019-02-05 10:00:00', 78),
(1, 13, 0, '2019-02-05 10:00:00', 79),
(1, 14, 0, '2019-02-05 10:00:00', 80),
(1, 20, 0, '2019-02-05 10:00:00', 81),
(1, 3, 0, '2019-02-06 10:00:00', 87),
(1, 4, 0, '2019-02-06 10:00:00', 88),
(2, 5, 0, '2019-02-07 08:00:00', 89),
(2, 6, 0, '2019-02-07 08:00:00', 90),
(2, 7, 0, '2019-02-07 08:00:00', 91),
(2, 9, 0, '2019-02-07 08:00:00', 92),
(2, 10, 0, '2019-02-07 08:00:00', 93),
(2, 17, 0, '2019-02-07 08:00:00', 94),
(2, 18, 0, '2019-02-07 08:00:00', 95),
(2, 19, 0, '2019-02-07 08:00:00', 96),
(2, 21, 0, '2019-02-07 08:00:00', 97),
(2, 22, 0, '2019-02-07 08:00:00', 98),
(1, 11, 0, '2019-02-07 10:00:00', 99),
(1, 13, 0, '2019-02-07 10:00:00', 100),
(1, 14, 0, '2019-02-07 10:00:00', 101),
(1, 15, 0, '2019-02-07 10:00:00', 102),
(1, 20, 0, '2019-02-07 10:00:00', 103),
(1, 3, 0, '2019-02-07 13:00:00', 104),
(1, 4, 0, '2019-02-07 13:00:00', 105),
(2, 16, 0, '2019-02-08 08:00:00', 106),
(2, 19, 0, '2019-02-08 08:00:00', 107),
(2, 21, 0, '2019-02-08 08:00:00', 108),
(2, 22, 0, '2019-02-08 08:00:00', 109),
(2, 5, 0, '2019-02-08 08:00:00', 110),
(2, 6, 0, '2019-02-08 08:00:00', 111),
(2, 7, 0, '2019-02-08 08:00:00', 112),
(2, 8, 0, '2019-02-08 08:00:00', 113),
(2, 9, 0, '2019-02-08 08:00:00', 114),
(2, 10, 0, '2019-02-08 08:00:00', 115),
(1, 11, 0, '2019-02-12 10:00:00', 116),
(1, 12, 0, '2019-02-12 10:00:00', 117),
(1, 13, 0, '2019-02-12 10:00:00', 118),
(1, 15, 0, '2019-02-12 10:00:00', 119),
(1, 20, 0, '2019-02-12 10:00:00', 120),
(1, 3, 0, '2019-02-13 10:00:00', 121),
(1, 4, 0, '2019-02-13 10:00:00', 122),
(1, 3, 0, '2019-02-14 13:00:00', 123),
(1, 4, 0, '2019-02-14 13:00:00', 124),
(2, 5, 0, '2019-02-14 08:00:00', 125),
(2, 6, 0, '2019-02-14 08:00:00', 126),
(2, 7, 0, '2019-02-14 08:00:00', 127),
(2, 10, 0, '2019-02-14 08:00:00', 128),
(2, 16, 0, '2019-02-14 08:00:00', 129),
(2, 17, 0, '2019-02-14 08:00:00', 130),
(2, 18, 0, '2019-02-14 08:00:00', 131),
(2, 19, 0, '2019-02-14 08:00:00', 132),
(2, 21, 0, '2019-02-14 08:00:00', 133),
(2, 22, 0, '2019-02-14 08:00:00', 134),
(1, 11, 0, '2019-02-14 10:00:00', 135),
(1, 12, 0, '2019-02-14 10:00:00', 136),
(1, 13, 0, '2019-02-14 10:00:00', 137),
(1, 15, 0, '2019-02-14 10:00:00', 138),
(1, 20, 0, '2019-02-14 10:00:00', 139),
(1, 23, 0, '2019-02-14 10:00:00', 140),
(2, 5, 0, '2019-02-15 08:00:00', 141),
(2, 6, 0, '2019-02-15 08:00:00', 142),
(2, 7, 0, '2019-02-15 08:00:00', 143),
(2, 9, 0, '2019-02-15 08:00:00', 144),
(2, 18, 0, '2019-02-15 08:00:00', 145),
(2, 21, 0, '2019-02-15 08:00:00', 146),
(1, 3, 0, '2019-02-19 10:00:00', 147),
(1, 4, 0, '2019-02-19 10:00:00', 148),
(1, 11, 0, '2019-02-19 10:00:00', 149),
(1, 12, 0, '2019-02-19 10:00:00', 150),
(1, 13, 0, '2019-02-19 10:00:00', 151),
(1, 14, 0, '2019-02-19 10:00:00', 152),
(1, 15, 0, '2019-02-19 10:00:00', 153),
(1, 20, 0, '2019-02-19 10:00:00', 154),
(1, 3, 0, '2019-02-20 10:00:00', 155),
(1, 4, 0, '2019-02-20 10:00:00', 156),
(1, 11, 0, '2019-02-20 10:00:00', 157),
(1, 12, 0, '2019-02-20 10:00:00', 158),
(1, 14, 0, '2019-02-20 10:00:00', 159),
(1, 15, 0, '2019-02-20 10:00:00', 160),
(1, 3, 0, '2019-02-26 10:00:00', 161),
(1, 4, 0, '2019-02-26 10:00:00', 162),
(1, 11, 0, '2019-02-26 10:00:00', 163),
(1, 12, 0, '2019-02-26 10:00:00', 164),
(1, 13, 0, '2019-02-26 10:00:00', 165),
(1, 20, 0, '2019-02-26 10:00:00', 166),
(1, 3, 0, '2019-02-27 10:00:00', 167),
(1, 4, 0, '2019-02-27 10:00:00', 168),
(1, 11, 0, '2019-02-27 10:00:00', 169),
(1, 12, 0, '2019-02-27 10:00:00', 170),
(1, 3, 0, '2019-03-05 10:00:00', 171),
(1, 11, 0, '2019-03-05 10:00:00', 172),
(1, 12, 0, '2019-03-05 10:00:00', 173),
(1, 14, 0, '2019-03-05 10:00:00', 174),
(1, 3, 0, '2019-03-06 10:00:00', 175),
(1, 11, 0, '2019-03-06 10:00:00', 176),
(1, 13, 0, '2019-03-06 10:00:00', 177),
(1, 14, 0, '2019-03-06 10:00:00', 178),
(1, 3, 0, '2019-03-11 12:00:00', 186),
(1, 11, 0, '2019-03-11 12:00:00', 187),
(1, 13, 0, '2019-03-11 12:00:00', 188),
(1, 14, 0, '2019-03-11 12:00:00', 189),
(1, 15, 0, '2019-03-11 12:00:00', 190),
(1, 3, 0, '2019-03-12 10:00:00', 191),
(1, 4, 0, '2019-03-12 10:00:00', 192),
(1, 11, 0, '2019-03-12 10:00:00', 193),
(1, 14, 0, '2019-03-12 10:00:00', 194),
(1, 15, 0, '2019-03-12 10:00:00', 195),
(1, 3, 0, '2019-03-13 10:00:00', 196),
(1, 4, 0, '2019-03-13 10:00:00', 197),
(1, 11, 0, '2019-03-13 10:00:00', 198),
(1, 13, 0, '2019-03-13 10:00:00', 199),
(1, 14, 0, '2019-03-13 10:00:00', 200),
(1, 11, 0, '2019-03-19 10:00:00', 201),
(1, 14, 0, '2019-03-19 10:00:00', 202),
(1, 15, 0, '2019-03-19 10:00:00', 203),
(1, 13, 0, '2019-03-20 10:00:00', 204),
(1, 14, 0, '2019-03-20 10:00:00', 205),
(1, 15, 0, '2019-03-20 10:00:00', 206),
(1, 11, 0, '2019-03-26 10:00:00', 207),
(1, 12, 0, '2019-03-26 10:00:00', 208),
(1, 13, 0, '2019-03-26 10:00:00', 209),
(1, 14, 0, '2019-03-26 10:00:00', 210),
(1, 15, 0, '2019-03-26 10:00:00', 211),
(1, 11, 0, '2019-03-27 10:00:00', 212),
(1, 12, 0, '2019-03-27 10:00:00', 213),
(1, 13, 0, '2019-03-27 10:00:00', 214),
(1, 14, 0, '2019-03-27 10:00:00', 215),
(1, 15, 0, '2019-03-27 10:00:00', 216),
(1, 13, 0, '2019-04-03 10:00:00', 217),
(1, 14, 0, '2019-04-03 10:00:00', 218),
(1, 15, 0, '2019-04-03 10:00:00', 219),
(1, 13, 0, '2019-04-05 10:00:00', 220),
(1, 14, 0, '2019-04-05 10:00:00', 221),
(1, 15, 0, '2019-04-05 10:00:00', 222),
(1, 12, 0, '2019-04-10 10:00:00', 223),
(1, 13, 0, '2019-04-10 10:00:00', 224),
(1, 14, 0, '2019-04-10 10:00:00', 225),
(1, 15, 0, '2019-04-10 10:00:00', 226),
(1, 13, 0, '2019-04-12 10:00:00', 227),
(1, 24, 0, '2019-05-03 10:00:00', 228),
(1, 15, 0, '2019-05-08 10:00:00', 229),
(1, 26, 0, '2019-05-08 13:00:00', 230),
(1, 25, 0, '2019-05-08 13:00:00', 231),
(1, 24, 0, '2019-05-08 13:00:00', 232),
(1, 23, 0, '2019-05-08 13:00:00', 233),
(2, 21, 0, '2019-05-15 08:00:00', 234),
(2, 18, 0, '2019-05-15 08:00:00', 235),
(2, 10, 0, '2019-05-15 08:00:00', 236),
(2, 9, 0, '2019-05-15 08:00:00', 237),
(2, 7, 0, '2019-05-15 08:00:00', 238),
(2, 5, 0, '2019-05-15 08:00:00', 239),
(2, 27, 0, '2019-05-15 08:00:00', 240),
(1, 26, 0, '2019-05-15 13:00:00', 241),
(1, 25, 0, '2019-05-15 13:00:00', 242),
(1, 24, 0, '2019-05-15 13:00:00', 243),
(1, 23, 0, '2019-05-15 13:00:00', 244),
(1, 33, 0, '2019-05-15 13:00:00', 245),
(1, 32, 0, '2019-05-15 13:00:00', 246),
(1, 31, 0, '2019-05-15 13:00:00', 247),
(1, 30, 0, '2019-05-15 13:00:00', 248),
(1, 29, 0, '2019-05-15 13:00:00', 249),
(1, 28, 0, '2019-05-15 13:00:00', 250),
(2, 27, 0, '2019-05-17 08:00:00', 251),
(2, 21, 0, '2019-05-17 08:00:00', 252),
(2, 18, 0, '2019-05-17 08:00:00', 253),
(2, 16, 0, '2019-05-17 08:00:00', 254),
(2, 9, 0, '2019-05-17 08:00:00', 255),
(2, 7, 0, '2019-05-17 08:00:00', 256),
(2, 5, 0, '2019-05-17 08:00:00', 257),
(1, 15, 0, '2019-05-17 10:00:00', 258),
(1, 14, 0, '2019-05-17 10:00:00', 259),
(1, 33, 0, '2019-05-17 13:00:00', 260),
(1, 31, 0, '2019-05-17 13:00:00', 261),
(1, 30, 0, '2019-05-17 13:00:00', 262),
(1, 28, 0, '2019-05-17 13:00:00', 263),
(1, 24, 0, '2019-05-17 13:00:00', 264),
(1, 23, 0, '2019-05-17 13:00:00', 265),
(2, 27, 0, '2019-05-22 08:00:00', 266),
(1, 24, 0, '2019-05-22 08:00:00', 267),
(2, 21, 0, '2019-05-22 08:00:00', 268),
(2, 18, 0, '2019-05-22 08:00:00', 269),
(2, 16, 0, '2019-05-22 08:00:00', 270),
(2, 7, 0, '2019-05-22 08:00:00', 271),
(2, 5, 0, '2019-05-22 08:00:00', 272),
(1, 33, 0, '2019-05-22 13:00:00', 273),
(1, 31, 0, '2019-05-22 13:00:00', 274),
(1, 28, 0, '2019-05-22 13:00:00', 275),
(1, 26, 0, '2019-05-22 13:00:00', 276),
(1, 25, 0, '2019-05-22 13:00:00', 277),
(1, 24, 0, '2019-05-22 13:00:00', 278),
(1, 23, 0, '2019-05-22 13:00:00', 279),
(1, 24, 0, '2019-05-24 08:00:00', 280),
(2, 21, 0, '2019-05-24 08:00:00', 281),
(2, 18, 0, '2019-05-24 08:00:00', 282),
(2, 16, 0, '2019-05-24 08:00:00', 283),
(2, 10, 0, '2019-05-24 08:00:00', 284),
(2, 9, 0, '2019-05-24 08:00:00', 285),
(2, 7, 0, '2019-05-24 08:00:00', 286),
(2, 5, 0, '2019-05-24 08:00:00', 287),
(1, 33, 0, '2019-05-24 13:00:00', 288),
(1, 31, 0, '2019-05-24 13:00:00', 289),
(1, 28, 0, '2019-05-24 13:00:00', 290),
(1, 26, 0, '2019-05-24 13:00:00', 291),
(1, 25, 0, '2019-05-24 13:00:00', 292),
(1, 24, 0, '2019-05-24 13:00:00', 293),
(1, 23, 0, '2019-05-24 13:00:00', 294),
(2, 27, 0, '2019-05-31 08:00:00', 295),
(1, 24, 0, '2019-05-31 08:00:00', 296),
(2, 21, 0, '2019-05-31 08:00:00', 297),
(2, 10, 0, '2019-05-31 08:00:00', 298),
(2, 9, 0, '2019-05-31 08:00:00', 299),
(2, 7, 0, '2019-05-31 08:00:00', 300),
(2, 5, 0, '2019-05-31 08:00:00', 301),
(1, 15, 0, '2019-05-31 10:00:00', 302),
(1, 14, 0, '2019-05-31 10:00:00', 303),
(1, 33, 0, '2019-05-31 13:00:00', 304),
(1, 28, 0, '2019-05-31 13:00:00', 305),
(1, 25, 0, '2019-05-31 13:00:00', 306),
(1, 24, 0, '2019-05-31 13:00:00', 307),
(1, 23, 0, '2019-05-31 13:00:00', 308),
(1, 34, 0, '2019-05-31 13:00:00', 309),
(2, 27, 0, '2019-06-07 08:00:00', 310),
(2, 21, 0, '2019-06-07 08:00:00', 311),
(2, 16, 0, '2019-06-07 08:00:00', 312),
(2, 10, 0, '2019-06-07 08:00:00', 313),
(2, 9, 0, '2019-06-07 08:00:00', 314),
(2, 7, 0, '2019-06-07 08:00:00', 315),
(1, 34, 0, '2019-06-07 13:00:00', 316),
(1, 33, 0, '2019-06-07 13:00:00', 317),
(1, 31, 0, '2019-06-07 13:00:00', 318),
(1, 28, 0, '2019-06-07 13:00:00', 319),
(1, 26, 0, '2019-06-07 13:00:00', 320),
(1, 25, 0, '2019-06-07 13:00:00', 321),
(1, 24, 0, '2019-06-07 13:00:00', 322),
(1, 23, 0, '2019-06-07 13:00:00', 323),
(1, 15, 0, '2019-06-07 10:00:00', 324),
(1, 14, 0, '2019-06-07 10:00:00', 325),
(1, 13, 0, '2019-06-07 10:00:00', 326),
(2, 21, 0, '2019-06-14 08:00:00', 327),
(2, 18, 0, '2019-06-14 08:00:00', 328),
(2, 17, 0, '2019-06-14 08:00:00', 329),
(2, 16, 0, '2019-06-14 08:00:00', 330),
(2, 10, 0, '2019-06-14 08:00:00', 331),
(2, 7, 0, '2019-06-14 08:00:00', 332),
(2, 5, 0, '2019-06-14 08:00:00', 333),
(1, 36, 0, '2019-06-14 10:00:00', 334),
(1, 35, 0, '2019-06-14 10:00:00', 335),
(1, 15, 0, '2019-06-14 10:00:00', 336),
(1, 14, 0, '2019-06-14 10:00:00', 337),
(1, 34, 0, '2019-06-14 13:00:00', 338),
(1, 33, 0, '2019-06-14 13:00:00', 339),
(1, 31, 0, '2019-06-14 13:00:00', 340),
(1, 25, 0, '2019-06-14 13:00:00', 341),
(1, 23, 0, '2019-06-14 13:00:00', 342),
(2, 37, 0, '2019-06-14 08:00:00', 343),
(2, 37, 0, '2019-06-19 08:00:00', 344),
(2, 27, 0, '2019-06-19 08:00:00', 345),
(2, 21, 0, '2019-06-19 08:00:00', 346),
(2, 16, 0, '2019-06-19 08:00:00', 347),
(2, 10, 0, '2019-06-19 08:00:00', 348),
(2, 7, 0, '2019-06-19 08:00:00', 349),
(2, 5, 0, '2019-06-19 08:00:00', 350),
(1, 36, 0, '2019-06-19 13:00:00', 351),
(1, 35, 0, '2019-06-19 13:00:00', 352),
(1, 34, 0, '2019-06-19 13:00:00', 353),
(1, 33, 0, '2019-06-19 13:00:00', 354),
(1, 31, 0, '2019-06-19 13:00:00', 355),
(1, 28, 0, '2019-06-19 13:00:00', 356),
(1, 26, 0, '2019-06-19 13:00:00', 357),
(1, 25, 0, '2019-06-19 13:00:00', 358),
(1, 23, 0, '2019-06-19 13:00:00', 359),
(1, 15, 0, '2019-06-19 13:00:00', 360),
(1, 14, 0, '2019-06-19 13:00:00', 361),
(1, 13, 0, '2019-06-19 13:00:00', 362),
(2, 37, 0, '2019-06-21 08:00:00', 363),
(2, 27, 0, '2019-06-21 08:00:00', 364),
(2, 21, 0, '2019-06-21 08:00:00', 365),
(2, 16, 0, '2019-06-21 08:00:00', 366),
(2, 9, 0, '2019-06-21 08:00:00', 367),
(2, 7, 0, '2019-06-21 08:00:00', 368),
(2, 5, 0, '2019-06-21 08:00:00', 369),
(1, 35, 0, '2019-06-21 13:00:00', 370),
(1, 33, 0, '2019-06-21 13:00:00', 371),
(1, 31, 0, '2019-06-21 13:00:00', 372),
(1, 28, 0, '2019-06-21 13:00:00', 373),
(1, 25, 0, '2019-06-21 13:00:00', 374),
(1, 13, 0, '2019-06-21 13:00:00', 375),
(1, 45, 0, '2019-06-21 13:00:00', 376),
(3, 44, 0, '2019-06-21 10:00:00', 377),
(3, 43, 0, '2019-06-21 10:00:00', 378),
(3, 42, 0, '2019-06-21 10:00:00', 379),
(3, 41, 0, '2019-06-21 10:00:00', 380),
(3, 40, 0, '2019-06-21 10:00:00', 381),
(2, 37, 0, '2019-06-26 08:00:00', 382),
(2, 27, 0, '2019-06-26 08:00:00', 383),
(2, 21, 0, '2019-06-26 08:00:00', 384),
(2, 18, 0, '2019-06-26 08:00:00', 385),
(2, 16, 0, '2019-06-26 08:00:00', 386),
(2, 10, 0, '2019-06-26 08:00:00', 387),
(2, 7, 0, '2019-06-26 08:00:00', 388),
(3, 43, 0, '2019-06-26 10:00:00', 389),
(3, 41, 0, '2019-06-26 10:00:00', 390),
(3, 40, 0, '2019-06-26 10:00:00', 391),
(1, 36, 0, '2019-06-26 13:00:00', 392),
(1, 35, 0, '2019-06-26 13:00:00', 393),
(1, 34, 0, '2019-06-26 13:00:00', 394),
(1, 33, 0, '2019-06-26 13:00:00', 395),
(1, 31, 0, '2019-06-26 13:00:00', 396),
(1, 28, 0, '2019-06-26 13:00:00', 397),
(1, 25, 0, '2019-06-26 13:00:00', 398),
(1, 23, 0, '2019-06-26 13:00:00', 399),
(3, 43, 0, '2019-07-03 10:00:00', 400),
(3, 42, 0, '2019-07-03 10:00:00', 401),
(3, 41, 0, '2019-07-03 10:00:00', 402),
(3, 40, 0, '2019-07-03 10:00:00', 403),
(2, 37, 0, '2019-07-03 08:00:00', 404),
(2, 27, 0, '2019-07-03 08:00:00', 405),
(1, 24, 0, '2019-07-03 08:00:00', 406),
(2, 21, 0, '2019-07-03 08:00:00', 407),
(2, 16, 0, '2019-07-03 08:00:00', 408),
(2, 10, 0, '2019-07-03 08:00:00', 409),
(2, 9, 0, '2019-07-03 08:00:00', 410),
(2, 7, 0, '2019-07-03 08:00:00', 411),
(1, 36, 0, '2019-07-03 13:00:00', 412),
(1, 35, 0, '2019-07-03 13:00:00', 413),
(1, 34, 0, '2019-07-03 13:00:00', 414),
(1, 33, 0, '2019-07-03 13:00:00', 415),
(1, 31, 0, '2019-07-03 13:00:00', 416),
(1, 28, 0, '2019-07-03 13:00:00', 417),
(1, 25, 0, '2019-07-03 13:00:00', 418),
(1, 24, 0, '2019-07-03 13:00:00', 419),
(1, 15, 0, '2019-07-03 13:00:00', 420),
(1, 13, 0, '2019-07-03 13:00:00', 421),
(1, 33, 0, '2019-07-05 13:00:00', 422),
(1, 25, 0, '2019-07-05 13:00:00', 423),
(1, 24, 0, '2019-07-05 13:00:00', 424),
(3, 43, 0, '2019-07-05 10:00:00', 425),
(3, 42, 0, '2019-07-05 10:00:00', 426),
(2, 21, 0, '2019-07-05 08:00:00', 427),
(2, 7, 0, '2019-07-05 08:00:00', 428),
(3, 44, 0, '2019-07-31 10:00:00', 429),
(3, 43, 0, '2019-07-31 10:00:00', 430),
(3, 40, 0, '2019-07-31 10:00:00', 431),
(1, 15, 0, '2019-07-31 10:00:00', 432),
(1, 13, 0, '2019-07-31 10:00:00', 433),
(2, 21, 0, '2019-07-31 08:00:00', 434),
(2, 7, 0, '2019-07-31 08:00:00', 435),
(1, 35, 0, '2019-07-31 13:00:00', 436),
(1, 23, 0, '2019-07-31 13:00:00', 437),
(2, 37, 0, '2019-08-02 08:00:00', 438),
(2, 27, 0, '2019-08-02 08:00:00', 439),
(2, 21, 0, '2019-08-02 08:00:00', 440),
(2, 17, 0, '2019-08-02 08:00:00', 441),
(2, 10, 0, '2019-08-02 08:00:00', 442),
(2, 9, 0, '2019-08-02 08:00:00', 443),
(2, 5, 0, '2019-08-02 08:00:00', 444),
(3, 43, 0, '2019-08-02 10:00:00', 445),
(3, 42, 0, '2019-08-02 10:00:00', 446),
(3, 41, 0, '2019-08-02 10:00:00', 447),
(1, 15, 0, '2019-08-02 10:00:00', 448),
(1, 13, 0, '2019-08-02 10:00:00', 449),
(1, 35, 0, '2019-08-02 13:00:00', 450),
(1, 34, 0, '2019-08-02 13:00:00', 451),
(1, 33, 0, '2019-08-02 13:00:00', 452),
(1, 31, 0, '2019-08-02 13:00:00', 453),
(1, 26, 0, '2019-08-02 13:00:00', 454),
(1, 25, 0, '2019-08-02 13:00:00', 455),
(1, 23, 0, '2019-08-02 13:00:00', 456),
(2, 37, 0, '2019-08-07 08:00:00', 457),
(2, 27, 0, '2019-08-07 08:00:00', 458),
(2, 21, 0, '2019-08-07 08:00:00', 459),
(2, 16, 0, '2019-08-07 08:00:00', 460),
(2, 9, 0, '2019-08-07 08:00:00', 461),
(2, 7, 0, '2019-08-07 08:00:00', 462),
(2, 5, 0, '2019-08-07 08:00:00', 463),
(3, 43, 0, '2019-08-07 10:00:00', 464),
(1, 35, 0, '2019-08-07 13:00:00', 465),
(1, 33, 0, '2019-08-07 13:00:00', 466),
(1, 28, 0, '2019-08-07 13:00:00', 467),
(1, 25, 0, '2019-08-07 13:00:00', 468),
(1, 23, 0, '2019-08-07 13:00:00', 469),
(2, 37, 0, '2019-08-09 08:00:00', 470),
(2, 21, 0, '2019-08-09 08:00:00', 471),
(2, 7, 0, '2019-08-09 08:00:00', 472),
(2, 5, 0, '2019-08-09 08:00:00', 473),
(3, 43, 0, '2019-08-09 10:00:00', 474),
(1, 14, 0, '2019-08-09 10:00:00', 475),
(1, 13, 0, '2019-08-09 10:00:00', 476),
(1, 15, 0, '2019-08-09 10:00:00', 477),
(1, 35, 0, '2019-08-09 13:00:00', 478),
(1, 33, 0, '2019-08-09 13:00:00', 479),
(1, 28, 0, '2019-08-09 13:00:00', 480),
(1, 25, 0, '2019-08-09 13:00:00', 481),
(1, 23, 0, '2019-08-09 13:00:00', 482),
(2, 27, 0, '2019-08-14 08:00:00', 483),
(2, 21, 0, '2019-08-14 08:00:00', 484),
(2, 7, 0, '2019-08-14 08:00:00', 485),
(2, 5, 0, '2019-08-14 08:00:00', 486),
(3, 44, 0, '2019-08-14 10:00:00', 487),
(3, 43, 0, '2019-08-14 10:00:00', 488),
(1, 35, 0, '2019-08-14 13:00:00', 489),
(1, 31, 0, '2019-08-14 13:00:00', 490),
(1, 28, 0, '2019-08-14 13:00:00', 491),
(1, 23, 0, '2019-08-14 13:00:00', 492),
(1, 15, 0, '2019-08-14 13:00:00', 493),
(3, 42, 0, '2019-08-14 10:00:00', 494),
(2, 27, 0, '2019-08-16 08:00:00', 495),
(2, 21, 0, '2019-08-16 08:00:00', 496),
(2, 7, 0, '2019-08-16 08:00:00', 497),
(2, 5, 0, '2019-08-16 08:00:00', 498),
(3, 44, 0, '2019-08-16 10:00:00', 499),
(3, 43, 0, '2019-08-16 10:00:00', 500),
(3, 42, 0, '2019-08-16 10:00:00', 501),
(1, 35, 0, '2019-08-16 13:00:00', 502),
(1, 34, 0, '2019-08-16 13:00:00', 503),
(1, 31, 0, '2019-08-16 13:00:00', 504),
(1, 28, 0, '2019-08-16 13:00:00', 505),
(1, 25, 0, '2019-08-16 13:00:00', 506),
(1, 15, 0, '2019-08-16 13:00:00', 507),
(2, 37, 0, '2019-08-21 08:00:00', 508),
(2, 27, 0, '2019-08-21 08:00:00', 509),
(2, 21, 0, '2019-08-21 08:00:00', 510),
(2, 10, 0, '2019-08-21 08:00:00', 511),
(2, 7, 0, '2019-08-21 08:00:00', 512),
(2, 5, 0, '2019-08-21 08:00:00', 513),
(3, 43, 0, '2019-08-21 10:00:00', 514),
(3, 42, 0, '2019-08-21 10:00:00', 515),
(3, 41, 0, '2019-08-21 10:00:00', 516),
(1, 36, 0, '2019-08-21 13:00:00', 517),
(1, 35, 0, '2019-08-21 13:00:00', 518),
(1, 33, 0, '2019-08-21 13:00:00', 519),
(1, 28, 0, '2019-08-21 13:00:00', 520),
(1, 23, 0, '2019-08-21 13:00:00', 521),
(1, 13, 0, '2019-08-21 13:00:00', 522),
(2, 37, 0, '2019-08-23 08:00:00', 523),
(2, 21, 0, '2019-08-23 08:00:00', 524),
(2, 5, 0, '2019-08-23 08:00:00', 525),
(3, 44, 0, '2019-08-23 10:00:00', 526),
(3, 43, 0, '2019-08-23 10:00:00', 527),
(3, 42, 0, '2019-08-23 10:00:00', 528),
(3, 41, 0, '2019-08-23 10:00:00', 529),
(1, 36, 0, '2019-08-23 13:00:00', 530),
(1, 35, 0, '2019-08-23 13:00:00', 531),
(1, 33, 0, '2019-08-23 13:00:00', 532),
(1, 31, 0, '2019-08-23 13:00:00', 533),
(1, 28, 0, '2019-08-23 13:00:00', 534),
(1, 23, 0, '2019-08-23 13:00:00', 535),
(1, 15, 0, '2019-08-23 13:00:00', 536),
(2, 37, 0, '2019-08-28 08:00:00', 537),
(2, 27, 0, '2019-08-28 08:00:00', 538),
(2, 21, 0, '2019-08-28 08:00:00', 539),
(2, 10, 0, '2019-08-28 08:00:00', 540),
(2, 5, 0, '2019-08-28 08:00:00', 541),
(3, 44, 0, '2019-08-28 10:00:00', 542),
(3, 41, 0, '2019-08-28 10:00:00', 543),
(1, 36, 0, '2019-08-28 13:00:00', 544),
(1, 33, 0, '2019-08-28 13:00:00', 545),
(1, 31, 0, '2019-08-28 13:00:00', 546),
(1, 28, 0, '2019-08-28 13:00:00', 547),
(1, 26, 0, '2019-08-28 13:00:00', 548),
(1, 23, 0, '2019-08-28 13:00:00', 549),
(1, 15, 0, '2019-08-28 13:00:00', 550),
(1, 13, 0, '2019-08-28 13:00:00', 551),
(2, 37, 0, '2019-08-30 08:00:00', 552),
(2, 27, 0, '2019-08-30 08:00:00', 553),
(2, 21, 0, '2019-08-30 08:00:00', 554),
(2, 9, 0, '2019-08-30 08:00:00', 555),
(2, 7, 0, '2019-08-30 08:00:00', 556),
(3, 44, 0, '2019-08-30 10:00:00', 557),
(3, 43, 0, '2019-08-30 10:00:00', 558),
(3, 42, 0, '2019-08-30 10:00:00', 559),
(3, 41, 0, '2019-08-30 10:00:00', 560),
(1, 36, 0, '2019-08-30 13:00:00', 561),
(1, 28, 0, '2019-08-30 13:00:00', 562),
(1, 23, 0, '2019-08-30 13:00:00', 563),
(1, 13, 0, '2019-08-30 13:00:00', 564),
(3, 43, 0, '2019-09-04 10:00:00', 565),
(3, 42, 0, '2019-09-04 10:00:00', 566),
(3, 41, 0, '2019-09-04 10:00:00', 567),
(1, 51, 0, '2019-09-04 08:00:00', 568),
(1, 50, 0, '2019-09-04 08:00:00', 569),
(1, 49, 0, '2019-09-04 08:00:00', 570),
(1, 46, 0, '2019-09-04 08:00:00', 571),
(1, 36, 0, '2019-09-04 13:00:00', 572),
(1, 35, 0, '2019-09-04 13:00:00', 573),
(1, 33, 0, '2019-09-04 13:00:00', 574),
(1, 28, 0, '2019-09-04 13:00:00', 575),
(1, 23, 0, '2019-09-04 13:00:00', 576),
(1, 13, 0, '2019-09-04 13:00:00', 577),
(1, 51, 0, '2019-09-06 08:00:00', 578),
(1, 50, 0, '2019-09-06 08:00:00', 579),
(1, 49, 0, '2019-09-06 08:00:00', 580),
(1, 48, 0, '2019-09-06 08:00:00', 581),
(1, 46, 0, '2019-09-06 08:00:00', 582),
(3, 52, 0, '2019-09-06 10:00:00', 583),
(3, 44, 0, '2019-09-06 10:00:00', 584),
(3, 43, 0, '2019-09-06 10:00:00', 585),
(3, 41, 0, '2019-09-06 10:00:00', 586),
(1, 36, 0, '2019-09-06 13:00:00', 587),
(1, 35, 0, '2019-09-06 13:00:00', 588),
(1, 34, 0, '2019-09-06 13:00:00', 589),
(1, 33, 0, '2019-09-06 13:00:00', 590),
(1, 23, 0, '2019-09-06 13:00:00', 591),
(1, 15, 0, '2019-09-06 13:00:00', 592),
(1, 14, 0, '2019-09-06 13:00:00', 593),
(1, 13, 0, '2019-09-06 13:00:00', 594),
(1, 51, 0, '2019-09-11 08:00:00', 595),
(1, 50, 0, '2019-09-11 08:00:00', 596),
(1, 31, 0, '2019-09-11 13:00:00', 597),
(1, 23, 0, '2019-09-11 13:00:00', 598),
(1, 15, 0, '2019-09-11 13:00:00', 599),
(1, 14, 0, '2019-09-11 13:00:00', 600),
(1, 13, 0, '2019-09-11 13:00:00', 601),
(3, 44, 0, '2019-09-13 10:00:00', 602),
(3, 43, 0, '2019-09-13 10:00:00', 603),
(1, 51, 0, '2019-09-13 08:00:00', 604),
(1, 50, 0, '2019-09-13 08:00:00', 605),
(1, 49, 0, '2019-09-13 08:00:00', 606),
(1, 48, 0, '2019-09-13 08:00:00', 607),
(1, 46, 0, '2019-09-13 08:00:00', 608),
(1, 36, 0, '2019-09-13 13:00:00', 609),
(1, 31, 0, '2019-09-13 13:00:00', 610),
(1, 28, 0, '2019-09-13 13:00:00', 611),
(1, 23, 0, '2019-09-13 13:00:00', 612),
(1, 51, 0, '2019-09-18 08:00:00', 613),
(1, 50, 0, '2019-09-18 08:00:00', 614),
(1, 48, 0, '2019-09-18 08:00:00', 615),
(1, 35, 0, '2019-09-18 13:00:00', 616),
(1, 23, 0, '2019-09-18 13:00:00', 617),
(1, 53, 0, '2019-09-20 08:00:00', 618),
(1, 51, 0, '2019-09-20 08:00:00', 619),
(1, 50, 0, '2019-09-20 08:00:00', 620),
(1, 49, 0, '2019-09-20 08:00:00', 621),
(1, 48, 0, '2019-09-20 08:00:00', 622),
(1, 46, 0, '2019-09-20 08:00:00', 623),
(1, 36, 0, '2019-09-20 13:00:00', 624),
(1, 35, 0, '2019-09-20 13:00:00', 625),
(1, 31, 0, '2019-09-20 13:00:00', 626),
(1, 28, 0, '2019-09-20 13:00:00', 627),
(1, 26, 0, '2019-09-20 13:00:00', 628),
(1, 23, 0, '2019-09-20 13:00:00', 629),
(1, 15, 0, '2019-09-20 13:00:00', 630),
(1, 13, 0, '2019-09-20 13:00:00', 631),
(1, 53, 0, '2019-09-25 08:00:00', 632),
(1, 51, 0, '2019-09-25 08:00:00', 633),
(1, 50, 0, '2019-09-25 08:00:00', 634),
(1, 49, 0, '2019-09-25 08:00:00', 635),
(1, 48, 0, '2019-09-25 08:00:00', 636),
(3, 43, 0, '2019-09-25 10:00:00', 637),
(3, 42, 0, '2019-09-25 10:00:00', 638),
(1, 35, 0, '2019-09-25 13:00:00', 639),
(1, 31, 0, '2019-09-25 13:00:00', 640),
(1, 28, 0, '2019-09-25 13:00:00', 641),
(1, 23, 0, '2019-09-25 13:00:00', 642),
(1, 15, 0, '2019-09-25 13:00:00', 643),
(1, 13, 0, '2019-09-25 13:00:00', 644),
(1, 53, 0, '2019-09-27 08:00:00', 645),
(1, 51, 0, '2019-09-27 08:00:00', 646),
(1, 50, 0, '2019-09-27 08:00:00', 647),
(1, 49, 0, '2019-09-27 08:00:00', 648),
(1, 48, 0, '2019-09-27 08:00:00', 649),
(1, 46, 0, '2019-09-27 08:00:00', 650),
(2, 57, 0, '2019-09-27 10:00:00', 651),
(2, 56, 0, '2019-09-27 10:00:00', 652),
(2, 54, 0, '2019-09-27 10:00:00', 653),
(1, 36, 0, '2019-09-27 13:00:00', 654),
(1, 28, 0, '2019-09-27 13:00:00', 655),
(1, 23, 0, '2019-09-27 13:00:00', 656),
(3, 43, 0, '2019-09-27 11:00:00', 657),
(3, 42, 0, '2019-09-27 11:00:00', 658),
(1, 53, 0, '2019-10-02 08:00:00', 659),
(1, 51, 0, '2019-10-02 08:00:00', 660),
(1, 50, 0, '2019-10-02 08:00:00', 661),
(2, 57, 0, '2019-10-02 10:00:00', 662),
(2, 56, 0, '2019-10-02 10:00:00', 663),
(2, 55, 0, '2019-10-02 10:00:00', 664),
(2, 54, 0, '2019-10-02 10:00:00', 665),
(2, 9, 0, '2019-10-02 10:00:00', 666),
(1, 35, 0, '2019-10-02 13:00:00', 667),
(1, 28, 0, '2019-10-02 13:00:00', 668),
(1, 59, 0, '2019-10-09 08:00:00', 669),
(1, 53, 0, '2019-10-09 08:00:00', 670),
(1, 51, 0, '2019-10-09 08:00:00', 671),
(1, 50, 0, '2019-10-09 08:00:00', 672),
(1, 49, 0, '2019-10-09 08:00:00', 673),
(1, 48, 0, '2019-10-09 08:00:00', 674),
(1, 46, 0, '2019-10-09 08:00:00', 675),
(1, 59, 0, '2019-10-11 08:00:00', 676),
(1, 53, 0, '2019-10-11 08:00:00', 677),
(1, 51, 0, '2019-10-11 08:00:00', 678),
(1, 49, 0, '2019-10-11 08:00:00', 679),
(1, 48, 0, '2019-10-11 08:00:00', 680),
(1, 46, 0, '2019-10-11 08:00:00', 681),
(2, 57, 0, '2019-10-09 10:00:00', 682),
(2, 56, 0, '2019-10-09 10:00:00', 683),
(2, 55, 0, '2019-10-09 10:00:00', 684),
(2, 54, 0, '2019-10-09 10:00:00', 685),
(3, 43, 0, '2019-10-09 11:00:00', 686),
(3, 42, 0, '2019-10-09 11:00:00', 687),
(1, 36, 0, '2019-10-09 13:00:00', 688),
(1, 35, 0, '2019-10-09 13:00:00', 689),
(1, 33, 0, '2019-10-09 13:00:00', 690),
(3, 43, 0, '2019-10-04 11:00:00', 691),
(3, 42, 0, '2019-10-04 11:00:00', 692),
(2, 57, 0, '2019-10-04 10:00:00', 693),
(2, 56, 0, '2019-10-04 10:00:00', 694),
(2, 55, 0, '2019-10-04 10:00:00', 695),
(2, 54, 0, '2019-10-04 10:00:00', 696),
(1, 51, 0, '2019-10-04 08:00:00', 697),
(1, 50, 0, '2019-10-04 08:00:00', 698),
(1, 49, 0, '2019-10-04 08:00:00', 699),
(1, 36, 0, '2019-10-04 13:00:00', 700),
(1, 35, 0, '2019-10-04 13:00:00', 701),
(1, 28, 0, '2019-10-04 13:00:00', 702),
(2, 57, 0, '2019-10-11 10:00:00', 703),
(2, 56, 0, '2019-10-11 10:00:00', 704),
(2, 54, 0, '2019-10-11 10:00:00', 705),
(1, 36, 0, '2019-10-11 13:00:00', 706),
(1, 35, 0, '2019-10-11 13:00:00', 707),
(1, 33, 0, '2019-10-11 13:00:00', 708),
(1, 59, 0, '2019-10-16 08:00:00', 709),
(1, 51, 0, '2019-10-16 08:00:00', 710),
(1, 50, 0, '2019-10-16 08:00:00', 711),
(1, 49, 0, '2019-10-16 08:00:00', 712),
(1, 48, 0, '2019-10-16 08:00:00', 713),
(1, 46, 0, '2019-10-16 08:00:00', 714),
(2, 57, 0, '2019-10-16 10:00:00', 715),
(2, 56, 0, '2019-10-16 10:00:00', 716),
(2, 55, 0, '2019-10-16 10:00:00', 717),
(2, 54, 0, '2019-10-16 10:00:00', 718),
(2, 9, 0, '2019-10-16 10:00:00', 719),
(1, 36, 0, '2019-10-16 13:00:00', 720),
(1, 35, 0, '2019-10-16 13:00:00', 721),
(1, 33, 0, '2019-10-16 13:00:00', 722),
(1, 31, 0, '2019-10-16 13:00:00', 723),
(1, 28, 0, '2019-10-16 13:00:00', 724),
(1, 15, 0, '2019-10-16 13:00:00', 725),
(1, 59, 0, '2019-10-18 08:00:00', 726),
(1, 53, 0, '2019-10-18 08:00:00', 727),
(1, 51, 0, '2019-10-18 08:00:00', 728),
(1, 49, 0, '2019-10-18 08:00:00', 729),
(1, 48, 0, '2019-10-18 08:00:00', 730),
(2, 57, 0, '2019-10-18 10:00:00', 731),
(2, 56, 0, '2019-10-18 10:00:00', 732),
(2, 55, 0, '2019-10-18 10:00:00', 733),
(2, 54, 0, '2019-10-18 10:00:00', 734),
(1, 36, 0, '2019-10-18 13:00:00', 735),
(1, 35, 0, '2019-10-18 13:00:00', 736),
(1, 33, 0, '2019-10-18 13:00:00', 737),
(1, 26, 0, '2019-10-18 13:00:00', 738),
(1, 59, 0, '2019-10-23 08:00:00', 739),
(1, 53, 0, '2019-10-23 08:00:00', 740),
(1, 51, 0, '2019-10-23 08:00:00', 741),
(1, 50, 0, '2019-10-23 08:00:00', 742),
(1, 48, 0, '2019-10-23 08:00:00', 743),
(1, 46, 0, '2019-10-23 08:00:00', 744),
(2, 57, 0, '2019-10-23 10:00:00', 745),
(2, 56, 0, '2019-10-23 10:00:00', 746),
(2, 9, 0, '2019-10-23 10:00:00', 747),
(1, 36, 0, '2019-10-23 13:00:00', 748),
(1, 34, 0, '2019-10-23 13:00:00', 749),
(1, 33, 0, '2019-10-23 13:00:00', 750),
(1, 53, 0, '2019-10-25 08:00:00', 751),
(1, 51, 0, '2019-10-25 08:00:00', 752),
(1, 50, 0, '2019-10-25 08:00:00', 753),
(1, 49, 0, '2019-10-25 08:00:00', 754),
(1, 48, 0, '2019-10-25 08:00:00', 755),
(2, 54, 0, '2019-10-25 10:00:00', 756),
(2, 9, 0, '2019-10-25 10:00:00', 757),
(1, 36, 0, '2019-10-25 13:00:00', 758),
(1, 59, 0, '2019-10-30 08:00:00', 759),
(4, 51, 0, '2019-10-30 08:00:00', 760),
(4, 50, 0, '2019-10-30 08:00:00', 761),
(4, 49, 0, '2019-10-30 08:00:00', 762),
(1, 48, 0, '2019-10-30 08:00:00', 763),
(1, 59, 0, '2019-11-01 08:00:00', 764),
(4, 51, 0, '2019-11-01 08:00:00', 765),
(4, 49, 0, '2019-11-01 08:00:00', 766),
(2, 57, 0, '2019-11-01 10:00:00', 767),
(2, 54, 0, '2019-11-01 10:00:00', 768),
(2, 9, 0, '2019-11-01 10:00:00', 769),
(3, 43, 0, '2019-11-01 13:00:00', 770),
(3, 42, 0, '2019-11-01 13:00:00', 771),
(1, 35, 0, '2019-11-01 13:00:00', 772),
(1, 15, 0, '2019-11-01 13:00:00', 773),
(1, 59, 0, '2019-11-06 08:00:00', 774),
(1, 53, 0, '2019-11-06 08:00:00', 775),
(4, 51, 0, '2019-11-06 08:00:00', 776),
(4, 50, 0, '2019-11-06 08:00:00', 777),
(4, 49, 0, '2019-11-06 08:00:00', 778),
(1, 48, 0, '2019-11-06 08:00:00', 779),
(1, 46, 0, '2019-11-06 08:00:00', 780),
(2, 57, 0, '2019-11-06 10:00:00', 781),
(2, 55, 0, '2019-11-06 10:00:00', 782),
(2, 54, 0, '2019-11-06 10:00:00', 783),
(2, 9, 0, '2019-11-06 10:00:00', 784),
(3, 43, 0, '2019-11-06 13:00:00', 785),
(1, 36, 0, '2019-11-06 13:00:00', 786),
(1, 35, 0, '2019-11-06 13:00:00', 787),
(1, 28, 0, '2019-11-06 13:00:00', 788),
(1, 15, 0, '2019-11-06 13:00:00', 789),
(1, 13, 0, '2019-11-06 13:00:00', 790),
(1, 53, 0, '2019-11-08 08:00:00', 791),
(4, 51, 0, '2019-11-08 08:00:00', 792),
(1, 48, 0, '2019-11-08 08:00:00', 793),
(2, 57, 0, '2019-11-08 10:00:00', 794),
(2, 55, 0, '2019-11-08 10:00:00', 795),
(2, 54, 0, '2019-11-08 10:00:00', 796),
(2, 9, 0, '2019-11-08 10:00:00', 797),
(3, 43, 0, '2019-11-08 13:00:00', 798),
(3, 42, 0, '2019-11-08 13:00:00', 799),
(1, 31, 0, '2019-11-08 13:00:00', 800),
(1, 15, 0, '2019-11-08 13:00:00', 801),
(1, 13, 0, '2019-11-08 13:00:00', 802),
(3, 44, 0, '2019-11-13 13:00:00', 803),
(3, 43, 0, '2019-11-13 13:00:00', 804),
(3, 42, 0, '2019-11-13 13:00:00', 805),
(1, 36, 0, '2019-11-13 13:00:00', 806),
(1, 35, 0, '2019-11-13 13:00:00', 807),
(1, 28, 0, '2019-11-13 13:00:00', 808),
(1, 15, 0, '2019-11-13 13:00:00', 809),
(2, 57, 0, '2019-11-13 10:00:00', 810),
(2, 55, 0, '2019-11-13 10:00:00', 811),
(1, 59, 0, '2019-11-13 08:00:00', 812),
(4, 51, 0, '2019-11-13 08:00:00', 813),
(4, 50, 0, '2019-11-13 08:00:00', 814),
(1, 48, 0, '2019-11-13 08:00:00', 815),
(1, 63, 0, '2019-11-13 08:00:00', 816),
(2, 62, 0, '2019-11-13 10:00:00', 817),
(2, 61, 0, '2019-11-13 10:00:00', 818),
(1, 63, 0, '2019-11-15 08:00:00', 819),
(1, 59, 0, '2019-11-15 08:00:00', 820),
(4, 51, 0, '2019-11-15 08:00:00', 821),
(4, 50, 0, '2019-11-15 08:00:00', 822),
(1, 48, 0, '2019-11-15 08:00:00', 823),
(3, 43, 0, '2019-11-15 13:00:00', 824),
(1, 35, 0, '2019-11-15 13:00:00', 825),
(1, 28, 0, '2019-11-15 13:00:00', 826),
(2, 61, 0, '2019-12-04 10:00:00', 827),
(2, 8, 0, '2019-12-04 10:00:00', 828),
(1, 59, 0, '2019-12-04 08:00:00', 829),
(1, 53, 0, '2019-12-04 08:00:00', 830),
(4, 51, 0, '2019-12-04 08:00:00', 831),
(1, 48, 0, '2019-12-04 08:00:00', 832),
(2, 64, 0, '2019-12-04 10:00:00', 833),
(1, 63, 0, '2019-12-06 08:00:00', 834),
(1, 53, 0, '2019-12-06 08:00:00', 835),
(4, 51, 0, '2019-12-06 08:00:00', 836),
(1, 48, 0, '2019-12-06 08:00:00', 837),
(1, 59, 0, '2019-12-06 08:00:00', 838),
(2, 65, 0, '2019-12-06 10:00:00', 839),
(2, 61, 0, '2019-12-06 10:00:00', 840),
(1, 63, 0, '2019-12-12 07:00:00', 841),
(1, 59, 0, '2019-12-12 07:00:00', 842),
(4, 51, 0, '2019-12-12 07:00:00', 843),
(4, 49, 0, '2019-12-12 07:00:00', 844),
(2, 65, 0, '2019-12-12 09:00:00', 845),
(2, 61, 0, '2019-12-12 09:00:00', 846),
(1, 48, 0, '2019-12-12 12:00:00', 847),
(1, 35, 0, '2019-12-12 12:00:00', 848);

-- --------------------------------------------------------

--
-- Table structure for table `batches`
--

DROP TABLE IF EXISTS `batches`;
CREATE TABLE IF NOT EXISTS `batches` (
  `title` char(1) NOT NULL,
  `status` int(1) NOT NULL DEFAULT '0',
  `date` timestamp NOT NULL DEFAULT CURRENT_TIMESTAMP,
  `id` int(11) NOT NULL AUTO_INCREMENT,
  PRIMARY KEY (`id`),
  UNIQUE KEY `title` (`title`)
) ENGINE=InnoDB AUTO_INCREMENT=8 DEFAULT CHARSET=latin1;

--
-- Dumping data for table `batches`
--

INSERT INTO `batches` (`title`, `status`, `date`, `id`) VALUES
('a', 0, '2019-01-16 15:58:04', 1),
('b', 0, '2019-01-17 20:18:28', 2),
('c', 0, '2019-05-08 13:00:00', 3),
('d', 0, '2019-09-04 11:26:04', 4),
('e', 0, '2019-11-14 04:33:42', 5);

-- --------------------------------------------------------

--
-- Table structure for table `courses`
--

DROP TABLE IF EXISTS `courses`;
CREATE TABLE IF NOT EXISTS `courses` (
  `title` varchar(50) NOT NULL,
  `duration` int(2) NOT NULL COMMENT 'Months',
  `price` int(6) NOT NULL DEFAULT '0',
  `status` int(1) NOT NULL DEFAULT '0' COMMENT 'Assigned? Yes (1) No (0)',
  `date` timestamp NOT NULL DEFAULT CURRENT_TIMESTAMP,
  `id` int(11) NOT NULL AUTO_INCREMENT,
  PRIMARY KEY (`id`)
) ENGINE=InnoDB AUTO_INCREMENT=5 DEFAULT CHARSET=latin1 COMMENT='List of Courses';

--
-- Dumping data for table `courses`
--

INSERT INTO `courses` (`title`, `duration`, `price`, `status`, `date`, `id`) VALUES
('Java Enterprise Apps', 6, 0, 1, '2018-09-03 08:00:00', 1),
('Web Application Development', 6, 0, 1, '2019-01-17 10:00:00', 2),
('Master Mind Series (MMS)', 30, 0, 1, '2019-06-21 10:00:00', 3),
('Android Application Development', 4, 0, 0, '2019-09-04 11:33:11', 4);

-- --------------------------------------------------------

--
-- Table structure for table `exams`
--

DROP TABLE IF EXISTS `exams`;
CREATE TABLE IF NOT EXISTS `exams` (
  `course_id` int(11) NOT NULL COMMENT '(FK) courses',
  `batch` char(1) NOT NULL,
  `candidates` int(2) NOT NULL DEFAULT '0' COMMENT 'Seated',
  `status` int(1) NOT NULL DEFAULT '0',
  `date` timestamp NOT NULL DEFAULT CURRENT_TIMESTAMP,
  `id` int(11) NOT NULL AUTO_INCREMENT,
  PRIMARY KEY (`id`)
) ENGINE=InnoDB AUTO_INCREMENT=3 DEFAULT CHARSET=latin1 COMMENT='Exams & Records';

--
-- Dumping data for table `exams`
--

INSERT INTO `exams` (`course_id`, `batch`, `candidates`, `status`, `date`, `id`) VALUES
(1, 'A', 3, 0, '2018-12-06 10:00:00', 1),
(2, 'A', 5, 0, '2018-12-06 10:00:00', 2);

-- --------------------------------------------------------

--
-- Table structure for table `milestone`
--

DROP TABLE IF EXISTS `milestone`;
CREATE TABLE IF NOT EXISTS `milestone` (
  `title` varchar(50) NOT NULL,
  `summary` varchar(160) NOT NULL,
  `status` int(1) NOT NULL DEFAULT '0',
  `date` timestamp NOT NULL DEFAULT CURRENT_TIMESTAMP,
  `id` int(11) NOT NULL AUTO_INCREMENT,
  PRIMARY KEY (`id`)
) ENGINE=InnoDB AUTO_INCREMENT=17 DEFAULT CHARSET=latin1;

--
-- Dumping data for table `milestone`
--

INSERT INTO `milestone` (`title`, `summary`, `status`, `date`, `id`) VALUES
('first day', 'mon, sep 3, 2018', 0, '2018-09-02 23:00:00', 1),
('first paycheck', 'thu, oct 4, 2018 N15,000 ', 0, '2018-10-03 23:00:00', 2),
('closing date 2018', 'fri, dec 14, 2018', 0, '2019-01-15 20:47:03', 3),
('public holiday', 'tue, oct 2, 2018', 0, '2019-01-15 20:47:03', 4),
('staff wedding', 'sat, dec 15, 2018 Okoeguale Faith (staff) weds Agih Clement', 0, '2019-01-15 20:48:24', 5),
('resumption date 2019', 'tue, jan 15, 2019', 0, '2019-01-15 20:50:32', 6),
('full-time employment', 'fri, feb 1, 2019', 0, '2019-01-15 20:52:31', 7),
('salary bump', 'tue, jan 15, 2019 N25,000 for new java batch and web', 0, '2019-01-15 21:00:34', 8),
('(idea) niit banner', 'nov, 2018 to management', 1, '2019-01-15 21:04:17', 9),
('(idea) project wanted', 'nov, 2018 to faculty -- salesgirlwanted.com', 1, '2019-01-15 21:04:17', 10),
('(idea) niit hack biu', 'tue, jan 15, 2019 to management', 1, '2019-01-15 21:04:50', 11),
('(pcds) niit cbt', 'dec 2018 conrad lte implemented ', 0, '2019-01-15 21:07:18', 12),
('(pcds) niit ocw', 'jan, 2019 dive.hwplabs.com', 1, '2019-01-15 21:08:44', 13),
('first dive subscription', '...', 1, '2019-01-15 21:11:46', 14),
('staff left', 'oct 2018 Aduba Anthony end of NYSC service', 0, '2019-01-15 21:32:29', 15),
('salary bump', 'feb 2019 N50,000 for full-time appointment', 0, '2019-01-15 21:00:34', 16);

-- --------------------------------------------------------

--
-- Table structure for table `modules`
--

DROP TABLE IF EXISTS `modules`;
CREATE TABLE IF NOT EXISTS `modules` (
  `course_id` int(11) NOT NULL COMMENT '(FK) courses',
  `title` varchar(50) NOT NULL,
  `status` int(1) NOT NULL DEFAULT '0',
  `date` timestamp NOT NULL DEFAULT CURRENT_TIMESTAMP,
  `id` int(11) NOT NULL AUTO_INCREMENT,
  PRIMARY KEY (`id`)
) ENGINE=InnoDB DEFAULT CHARSET=latin1;

-- --------------------------------------------------------

--
-- Table structure for table `payroll`
--

DROP TABLE IF EXISTS `payroll`;
CREATE TABLE IF NOT EXISTS `payroll` (
  `month` int(2) NOT NULL,
  `year` int(4) NOT NULL,
  `amount` int(6) NOT NULL,
  `status` int(1) NOT NULL DEFAULT '0' COMMENT 'Recieved? Yes (0) No (1)',
  `date` timestamp NOT NULL DEFAULT CURRENT_TIMESTAMP,
  `id` int(11) NOT NULL AUTO_INCREMENT,
  PRIMARY KEY (`id`)
) ENGINE=InnoDB AUTO_INCREMENT=6 DEFAULT CHARSET=latin1 COMMENT='Salary';

--
-- Dumping data for table `payroll`
--

INSERT INTO `payroll` (`month`, `year`, `amount`, `status`, `date`, `id`) VALUES
(9, 2018, 15000, 0, '2019-01-15 19:58:24', 1),
(10, 2018, 15000, 0, '2019-01-15 19:58:24', 2),
(11, 2018, 15000, 0, '2019-01-15 19:59:15', 3),
(1, 2019, 25000, 1, '2019-01-15 19:59:30', 4),
(2, 2019, 50000, 1, '2019-01-15 19:59:54', 5);

-- --------------------------------------------------------

--
-- Table structure for table `registration`
--

DROP TABLE IF EXISTS `registration`;
CREATE TABLE IF NOT EXISTS `registration` (
  `course_id` int(11) NOT NULL COMMENT '(FK) courses',
  `student_id` int(11) NOT NULL COMMENT '(FK) students',
  `batch` char(1) NOT NULL,
  `status` int(1) NOT NULL DEFAULT '0' COMMENT 'Alumni? Yes (1) No (0)',
  `date` timestamp NOT NULL DEFAULT CURRENT_TIMESTAMP,
  `id` int(11) NOT NULL AUTO_INCREMENT,
  PRIMARY KEY (`id`)
) ENGINE=InnoDB AUTO_INCREMENT=75 DEFAULT CHARSET=latin1 COMMENT='Student Registration';

--
-- Dumping data for table `registration`
--

INSERT INTO `registration` (`course_id`, `student_id`, `batch`, `status`, `date`, `id`) VALUES
(1, 1, 'A', 0, '2019-01-16 15:58:04', 1),
(1, 2, 'A', 0, '2019-01-16 15:58:04', 2),
(1, 3, 'A', 0, '2019-01-16 15:58:04', 3),
(1, 4, 'A', 0, '2019-01-16 15:58:04', 4),
(2, 5, 'A', 0, '2019-01-16 16:03:09', 5),
(2, 6, 'A', 0, '2019-01-16 16:03:09', 6),
(2, 7, 'A', 0, '2019-01-16 16:03:09', 7),
(2, 8, 'A', 0, '2019-01-16 16:03:09', 8),
(2, 9, 'A', 0, '2019-01-16 16:03:09', 9),
(2, 10, 'B', 0, '2019-01-17 20:18:28', 10),
(1, 11, 'B', 0, '2019-01-22 10:07:19', 11),
(1, 12, 'B', 0, '2019-01-22 10:07:19', 12),
(1, 13, 'B', 0, '2019-01-22 10:07:19', 13),
(1, 14, 'B', 0, '2019-01-22 10:07:19', 14),
(1, 15, 'B', 0, '2019-01-22 10:07:19', 15),
(2, 16, 'B', 0, '2019-01-24 08:00:00', 16),
(2, 17, 'B', 0, '2019-01-24 08:00:00', 17),
(2, 18, 'B', 0, '2019-01-25 08:00:00', 18),
(2, 19, 'B', 0, '2019-01-31 08:50:59', 19),
(1, 20, 'B', 0, '2019-02-05 13:05:55', 20),
(2, 21, 'B', 0, '2019-02-07 13:05:55', 21),
(2, 22, 'B', 0, '2019-02-07 13:05:55', 22),
(1, 23, 'C', 0, '2019-05-08 13:00:00', 24),
(1, 24, 'C', 0, '2019-05-03 10:00:00', 25),
(1, 25, 'C', 0, '2019-05-08 13:00:00', 26),
(1, 26, 'C', 0, '2019-05-08 13:00:00', 27),
(2, 27, 'B', 0, '2019-05-15 10:52:45', 28),
(1, 28, 'C', 0, '2019-05-15 10:54:01', 29),
(1, 29, 'C', 0, '2019-05-15 15:32:42', 30),
(1, 30, 'C', 0, '2019-05-15 15:33:22', 31),
(1, 31, 'C', 0, '2019-05-15 15:33:58', 32),
(1, 32, 'C', 0, '2019-05-15 15:34:44', 33),
(1, 33, 'C', 0, '2019-05-15 15:35:22', 34),
(3, 34, 'C', 0, '2019-05-31 15:17:06', 35),
(1, 35, 'B', 0, '2019-06-14 11:34:31', 36),
(1, 36, 'B', 0, '2019-06-14 11:35:12', 37),
(2, 37, 'B', 0, '2019-06-19 08:41:37', 38),
(3, 40, 'A', 0, '2019-06-21 19:09:48', 41),
(3, 41, 'A', 0, '2019-06-21 19:11:03', 42),
(3, 42, 'A', 0, '2019-06-21 19:12:14', 43),
(3, 43, 'A', 0, '2019-06-21 19:12:55', 44),
(3, 44, 'A', 0, '2019-06-21 19:13:28', 45),
(1, 45, 'D', 0, '2019-06-21 13:00:00', 46),
(1, 46, 'D', 0, '2019-09-04 11:26:04', 47),
(1, 47, 'D', 0, '2019-09-04 11:27:18', 48),
(1, 48, 'D', 0, '2019-09-04 11:28:19', 49),
(4, 49, 'A', 0, '2019-09-04 11:35:17', 50),
(4, 50, 'A', 0, '2019-09-04 11:37:39', 51),
(4, 51, 'A', 0, '2019-09-04 11:53:22', 52),
(3, 52, 'A', 0, '2019-09-06 12:09:05', 53),
(1, 53, 'D', 0, '2019-09-20 08:42:46', 54),
(2, 54, 'C', 0, '2019-09-27 11:37:32', 55),
(2, 55, 'C', 0, '2019-09-27 11:38:50', 56),
(2, 56, 'C', 0, '2019-09-27 11:39:47', 57),
(2, 57, 'C', 0, '2019-09-27 11:40:22', 58),
(2, 58, 'C', 0, '2019-09-27 11:41:11', 59),
(1, 59, 'D', 0, '2019-10-11 10:22:52', 60),
(2, 60, 'D', 0, '2019-11-06 12:12:30', 61),
(2, 61, 'D', 0, '2019-11-14 04:31:42', 62),
(2, 62, 'D', 0, '2019-11-14 04:33:14', 63),
(1, 63, 'E', 0, '2019-11-14 04:33:42', 64),
(2, 64, 'D', 0, '2019-12-04 12:41:33', 65),
(2, 65, 'D', 0, '2019-12-06 11:00:43', 66),
(1, 66, 'E', 0, '2020-01-14 09:01:36', 67),
(1, 67, 'E', 0, '2020-01-14 09:02:17', 68),
(1, 68, 'E', 0, '2020-01-14 09:03:10', 69),
(1, 69, 'E', 0, '2020-01-14 09:03:57', 70),
(1, 70, 'E', 0, '2020-01-14 09:04:41', 71),
(1, 71, 'E', 0, '2020-01-14 09:06:01', 72),
(1, 72, 'E', 0, '2020-01-24 09:39:19', 73);

-- --------------------------------------------------------

--
-- Table structure for table `staff`
--

DROP TABLE IF EXISTS `staff`;
CREATE TABLE IF NOT EXISTS `staff` (
  `name` varchar(50) NOT NULL,
  `gender` int(1) NOT NULL DEFAULT '1' COMMENT 'Male (1) Female (2)',
  `email` varchar(50) NOT NULL,
  `phone` varchar(15) NOT NULL,
  `status` int(1) NOT NULL DEFAULT '0' COMMENT 'Alumni? Yes (1) No (0)',
  `date` timestamp NOT NULL DEFAULT CURRENT_TIMESTAMP,
  `id` int(11) NOT NULL AUTO_INCREMENT,
  PRIMARY KEY (`id`)
) ENGINE=InnoDB AUTO_INCREMENT=20 DEFAULT CHARSET=latin1 COMMENT='List of Employees';

--
-- Dumping data for table `staff`
--

INSERT INTO `staff` (`name`, `gender`, `email`, `phone`, `status`, `date`, `id`) VALUES
('obaseki efosa', 1, '', '08075952272', 0, '2019-01-15 19:40:25', 1),
('okoeguale faith', 2, '', '07038638493', 1, '2019-01-15 19:40:25', 2),
('ekoh godday', 1, '', '08088465807', 1, '2019-01-15 19:42:41', 3),
('ibe francis', 1, '', '08167302597', 1, '2019-01-15 19:43:40', 4),
('ede innocent', 1, '', '07061182365', 0, '2019-01-15 19:43:40', 5),
('philips maccidonia', 2, '', '07052166344', 0, '2019-01-15 19:45:07', 6),
('agbonlahor james', 1, '', '08077130107', 1, '2019-01-15 19:45:42', 7),
('aduba anthony', 1, '', '08118527800', 1, '2019-01-15 19:47:23', 8),
('iyoha imas', 1, '', '08066273405', 1, '2019-01-15 19:53:50', 9),
('asemokhe mark', 1, '', '08035237946', 1, '2019-01-15 19:53:50', 10),
('aliu felicia', 2, '', '', 0, '2019-01-15 19:54:05', 11),
('braimoh peace', 2, '', '09066056473', 0, '2019-01-15 19:54:05', 12),
('anani rex', 1, '', '08039441955', 0, '2019-06-21 19:53:50', 14),
('ewemade cathrine', 2, '', '08053346800', 0, '2019-06-21 19:53:50', 15),
('tugbeh emmanuel', 1, '', '08169960927', 0, '2018-09-03 10:00:00', 16),
('olakotan emmanuel', 1, '', '09029224447', 1, '2019-11-01 10:00:00', 17),
('alele coker', 2, '', '08166887689', 0, '2019-10-07 09:00:00', 18),
('imadonwinyi osazee', 1, '', '08177272635', 0, '2020-01-13 08:00:00', 19);

-- --------------------------------------------------------

--
-- Table structure for table `students`
--

DROP TABLE IF EXISTS `students`;
CREATE TABLE IF NOT EXISTS `students` (
  `name` varchar(50) NOT NULL,
  `gender` int(1) NOT NULL DEFAULT '1' COMMENT 'Male (1) Female (2)',
  `email` varchar(50) NOT NULL,
  `phone` varchar(15) NOT NULL,
  `status` int(1) NOT NULL DEFAULT '0' COMMENT 'Alumni? Yes (1) No (0)',
  `date` timestamp NOT NULL DEFAULT CURRENT_TIMESTAMP,
  `id` int(11) NOT NULL AUTO_INCREMENT,
  PRIMARY KEY (`id`)
) ENGINE=InnoDB AUTO_INCREMENT=74 DEFAULT CHARSET=latin1 COMMENT='List of Students';

--
-- Dumping data for table `students`
--

INSERT INTO `students` (`name`, `gender`, `email`, `phone`, `status`, `date`, `id`) VALUES
('okungbowa david', 1, '', '08039194509', 1, '2019-01-16 12:16:52', 1),
('odigie osahon', 1, '', '08175381829', 1, '2019-01-16 12:16:52', 2),
('akolor kelvin', 1, '', '08144564966', 0, '2019-01-16 12:19:01', 3),
('kenneth enajuke', 1, '', '08033795507', 0, '2019-01-16 12:20:30', 4),
('omeje dennis', 1, '', '08175381829', 0, '2019-01-16 12:24:40', 5),
('omorogieva osayi', 1, '', '09060279751', 0, '2019-01-16 12:24:40', 6),
('osawaru mitchell', 1, '', '08106362164', 0, '2019-01-16 12:26:46', 7),
('okogbe samuel', 1, '', '08131506755', 0, '2019-01-16 12:26:46', 8),
('okafor henry', 1, '', '09027369481', 0, '2019-01-16 12:27:48', 9),
('faboya isaac', 1, '', '07018776145', 0, '2019-01-17 20:17:49', 10),
('emwinghare justice', 1, '', '08102312218', 0, '2019-01-22 10:06:44', 11),
('omere stephen', 1, '', '09033134940', 0, '2019-01-22 10:06:44', 12),
('rukevwe michael', 1, '', '07052640336', 0, '2019-01-22 10:06:44', 13),
('ojubiaja teddy', 1, '', '08067526894', 0, '2019-01-22 10:06:44', 14),
('ogioba osasere', 1, '', '08136673500', 0, '2019-01-22 10:06:44', 15),
('arikhan favour', 1, '', '08078590940', 0, '2019-01-24 08:00:00', 16),
('salami tijani', 1, '', '08078590940', 0, '2019-01-24 08:00:00', 17),
('aghedo erykah', 2, '', '08135126874', 0, '2019-01-25 08:00:00', 18),
('jones angel', 2, '', '09037653844', 0, '2019-01-31 08:50:23', 19),
('akpovero victor', 1, '', '08024603837', 0, '2019-02-05 13:05:01', 20),
('ighalo abraham', 1, '', '09055050797', 0, '2019-02-07 13:05:01', 21),
('ogbogho richard', 1, '', '09077669220', 0, '2019-02-07 13:05:01', 22),
('ekome precious', 1, '', '08135515185', 0, '2019-02-14 11:27:19', 23),
('asemota andrea', 1, '', '08136270298', 0, '2019-05-03 10:00:00', 24),
('udome-onyesom ochade', 2, '', '09050621362', 0, '2019-05-08 13:00:00', 25),
('eghosasere kelvin', 1, '', '08110973147', 0, '2019-05-08 13:00:00', 26),
('imasuen maxwell', 1, '', '08131093099', 0, '2019-05-15 10:52:45', 27),
('osakue francis', 1, '', '08189166436', 0, '2019-05-15 10:54:01', 28),
('precious ogiamien ', 1, '', '08038232775', 0, '2019-05-15 15:32:42', 29),
('chikamso uchegbu ', 1, '', '08164998928', 0, '2019-05-15 15:33:22', 30),
('success omoruyi ', 1, '', '09057687625', 0, '2019-05-15 15:33:58', 31),
('joel evah ', 1, '', '07054386224', 0, '2019-05-15 15:34:44', 32),
('kelvin ebahi ', 1, '', '09011520879', 0, '2019-05-15 15:35:22', 33),
('mojume azuka', 1, '', '07066555433', 0, '2019-05-31 15:17:06', 34),
('omoraka benjamin ', 1, '', '07057492519', 0, '2019-06-14 11:34:31', 35),
('egharevba edmund ', 1, '', '08139750513', 0, '2019-06-14 11:35:12', 36),
('adegoke paul ', 1, '', '07065925223', 0, '2019-06-19 08:41:37', 37),
('ricky agboga', 1, '', '08167348010', 0, '2019-06-21 19:09:48', 40),
('eseosa egharevba ', 1, '', '07035973046', 0, '2019-06-21 19:11:03', 41),
('esosa christopher ', 1, '', '08103296381', 0, '2019-06-21 19:12:14', 42),
('miracle okechukwu ', 1, '', '08115354670', 0, '2019-06-21 19:12:55', 43),
('michael joseph ', 1, '', '09079596587', 0, '2019-06-21 19:13:28', 44),
('onumonu wisdom', 1, '', '09030335478', 0, '2019-06-21 13:00:00', 45),
('edobor bright ', 1, '', '08122626434', 0, '2019-09-04 11:26:04', 46),
('agbaje michael', 1, '', '08025498917', 0, '2019-09-04 11:27:18', 47),
('madamedon kelly', 1, '', '08165405359', 0, '2019-09-04 11:28:19', 48),
('iwuchukwu jerry ', 1, '', '09020857410', 0, '2019-09-04 11:35:17', 49),
('onukwusi newton ', 1, '', '08069642677', 0, '2019-09-04 11:37:39', 50),
('omoraka ese', 1, '', '08143298136', 0, '2019-09-04 11:53:22', 51),
('nwoye king ', 1, '', '09060894966', 0, '2019-09-06 12:09:05', 52),
('romanus onyebuchi ', 1, '', '07061850843', 0, '2019-09-20 08:42:46', 53),
('jennis omoruyi ', 1, '', '08164301030', 0, '2019-09-27 11:37:32', 54),
('omonode augusta', 2, '', '09038361903', 0, '2019-09-27 11:38:50', 55),
('abu oghosa ', 2, '', '08053621291', 0, '2019-09-27 11:39:47', 56),
('bassey richard', 1, '', '07032470380', 0, '2019-09-27 11:40:22', 57),
('ekundayo stephen ', 1, '', '08108128357', 0, '2019-03-11 08:00:00', 58),
('imonah emmanuel ', 1, '', '07082899794', 0, '2019-10-11 10:22:52', 59),
('kachikwu ifeanyi', 1, '', '08140019558', 0, '2019-11-06 12:12:30', 60),
('christian pearl ', 2, '', '08152583776', 0, '2019-11-14 04:31:42', 61),
('anani gabriel ', 1, '', '08059441154', 0, '2019-11-14 04:33:14', 62),
('adebo farrell ', 1, '', '07017381047', 0, '2019-11-14 04:33:42', 63),
('osagie confidence', 1, '', '08108756951', 0, '2019-12-04 12:41:33', 64),
('amenaghawon ferdinard ', 1, '', '09030715043', 0, '2019-12-06 11:00:43', 65),
('kingsley kelly ', 1, '', '07010255026', 0, '2020-01-14 09:01:36', 66),
('uwa marvis ', 1, '', '07058210945', 0, '2020-01-14 09:02:17', 67),
('omokhodion scotty ', 1, '', '07063682880', 0, '2020-01-14 09:03:10', 68),
('erhunmwunse imade ', 1, '', '08109670946', 0, '2020-01-14 09:03:56', 69),
('akande emmanuel ', 1, '', '09060064722', 0, '2020-01-14 09:04:41', 70),
('thankgod pedro ', 1, '', '07038112008', 0, '2020-01-14 09:06:01', 71),
('nmoemenam esther', 2, '', '08082058073', 0, '2020-01-24 09:39:19', 72);

-- --------------------------------------------------------

--
-- Table structure for table `survey`
--

DROP TABLE IF EXISTS `survey`;
CREATE TABLE IF NOT EXISTS `survey` (
  `name` varchar(25) NOT NULL,
  `gender` int(1) NOT NULL DEFAULT '0',
  `pvc` int(1) NOT NULL DEFAULT '0',
  `voting` int(1) NOT NULL DEFAULT '0',
  `apt` int(1) NOT NULL DEFAULT '0',
  `edu` int(1) NOT NULL DEFAULT '0',
  `eps` int(1) NOT NULL DEFAULT '0',
  `p_int` int(1) NOT NULL DEFAULT '0',
  `e_int` int(1) NOT NULL DEFAULT '0',
  `date` timestamp NOT NULL DEFAULT CURRENT_TIMESTAMP,
  `id` int(11) NOT NULL AUTO_INCREMENT,
  PRIMARY KEY (`id`)
) ENGINE=InnoDB AUTO_INCREMENT=22 DEFAULT CHARSET=latin1;

--
-- Dumping data for table `survey`
--

INSERT INTO `survey` (`name`, `gender`, `pvc`, `voting`, `apt`, `edu`, `eps`, `p_int`, `e_int`, `date`, `id`) VALUES
('innocent', 0, 1, 1, 0, 0, 0, 1, 1, '2019-02-16 22:19:57', 1),
('erykah', 1, 0, 0, 1, 0, 0, 0, 0, '2019-02-16 22:22:39', 2),
('osayi', 0, 1, 0, 0, 0, 1, 0, 0, '2019-02-16 22:23:26', 3),
('abraham', 0, 0, 0, 1, 0, 0, 0, 0, '2019-02-16 22:24:12', 4),
('mitchel', 0, 0, 0, 0, 1, 0, 0, 0, '2019-02-16 22:24:38', 5),
('dennis', 0, 1, 1, 0, 0, 0, 0, 1, '2019-02-16 22:25:04', 6),
('henry', 0, 0, 0, 1, 0, 0, 0, 0, '2019-02-17 07:29:12', 7),
('kelvin', 0, 0, 0, 1, 0, 0, 0, 0, '2019-02-17 07:29:36', 8),
('web_student_1', 1, 0, 0, 0, 1, 0, 0, 0, '2019-02-17 07:30:16', 9),
('web_student_2', 0, 1, 1, 0, 0, 0, 0, 1, '2019-02-17 07:30:36', 10),
('web_student_3', 0, 1, 1, 0, 0, 0, 0, 1, '2019-02-17 07:30:37', 11),
('web_student_4', 0, 1, 1, 0, 0, 0, 0, 1, '2019-02-17 07:30:39', 12),
('2gbeh', 0, 0, 0, 1, 0, 1, 0, 0, '2019-02-17 07:33:31', 13),
('mark', 0, 1, 1, 0, 0, 0, 0, 1, '2019-02-17 07:39:53', 16),
('web_student_5 (bootstrap)', 0, 0, 0, 0, 1, 0, 0, 0, '2019-02-17 07:40:00', 17),
('imas', 0, 1, 1, 0, 0, 0, 0, 1, '2019-02-17 07:40:53', 18),
('francis', 0, 1, 0, 0, 0, 1, 0, 0, '2019-02-17 07:41:28', 19),
('java_student_1 (miracle)', 0, 0, 0, 0, 1, 0, 0, 0, '2019-02-17 07:41:35', 20),
('java_student_2', 0, 0, 0, 0, 1, 0, 0, 0, '2019-02-17 07:42:33', 21);
COMMIT;

/*!40101 SET CHARACTER_SET_CLIENT=@OLD_CHARACTER_SET_CLIENT */;
/*!40101 SET CHARACTER_SET_RESULTS=@OLD_CHARACTER_SET_RESULTS */;
/*!40101 SET COLLATION_CONNECTION=@OLD_COLLATION_CONNECTION */;
